stage,option,reference,context,accuracy_delta_mean,accuracy_delta_std,precision_delta_mean,precision_delta_std,recall_delta_mean,recall_delta_std,f1_delta_mean,f1_delta_std,auc_delta_mean,auc_delta_std
imputation,mean,median,minmax / kbest8,0.0011500808167854038,0.0006815055707126687,-0.00016982368732634256,0.0010676853560237349,0.003809523809523818,0.0028591018171653716,0.0016969866812126533,0.0010795299626457614,0.0006093252323392084,0.0007180709485509549
imputation,mean,median,minmax / none,0.0027184623157563426,0.0024904966341682887,0.0003788803293132581,0.0023111732609527834,0.007830687830687855,0.002436161784808765,0.003764696616162788,0.0023233510777906858,0.0018297784879057976,0.0020428014814674023
imputation,mean,median,minmax / pca95,0.002823010146388838,0.002805241393169152,0.00030115478663206297,0.0023932375686851895,0.008465608465608421,0.0037413057205637748,0.003994293218696199,0.002830478003955996,0.002806768152025274,0.0029380645615776284
imputation,mean,median,none / kbest8,0.00020920502092049986,0.0005962061849866233,-0.00015143353240865132,0.000488057063798442,0.001058201058201047,0.001058201058201036,0.0004094267345288394,0.0006753703414265371,5.8500886506873687e-05,0.0005686406849042487
imputation,mean,median,none / none,0.00020920502092049986,0.0005962061849866233,1.0359655321257044e-05,0.00047811411386718144,0.0006349206349206104,0.0009464837999998848,0.0003006416868366779,0.0006497390223570346,0.0006235586547234107,0.0006753862805959135
imputation,mean,median,none / pca95,0.0021955591231105132,0.0014504634638531745,0.0014063715309911018,0.0012951228701627334,0.003809523809523796,0.0033961495314034224,0.002538756471684711,0.0017636935784036453,0.0012031060141430184,0.0006476278113521892
imputation,mean,median,robust / kbest8,0.002613367686846435,0.004182477137349608,-0.000836638775452081,0.004221260225358137,0.00910052910052912,0.007239209048248496,0.0038620820811228196,0.00448462492849212,0.0023668472690753007,0.0026023783758550275
imputation,mean,median,robust / none,0.005436815271857154,0.0045358910454954835,0.0036739652468543047,0.004466585875948235,0.008253968253968246,0.006051207811850061,0.005883878555636546,0.004628390506295156,0.0029572830468289845,0.002205962063185462
imputation,mean,median,robust / pca95,0.008260098817384699,0.006288029995512272,0.014949999022956618,0.012197619950385225,-0.006349206349206371,0.007776157913597393,0.004860211603388254,0.0035762539336507615,0.011659960718670948,0.012631549081585418
imputation,mean,median,standard / kbest8,0.0011500261369576492,0.001353076749142155,-0.00038801696043955225,0.0012628886012439648,0.004232804232804232,0.0016731627831578374,0.0017395175866974145,0.0013800954638139731,0.0009956184279301227,0.0010203185711374198
imputation,mean,median,standard / none,0.004077584113978983,0.0028724992578265038,0.0014084537444953194,0.002910133152727296,0.009312169312169317,0.003209682727640881,0.0050252765516032305,0.0027830626640110282,0.002438056661286869,0.0018909157861894436
imputation,mean,median,standard / pca95,0.004286679775244062,0.0017490767365480235,0.002207238245261922,0.002974000123077999,0.008253968253968269,0.0026348993858177124,0.004966302877906425,0.0013049398124010763,0.002901491603428252,0.002450246190758776
scale,standard,none,mean / kbest8,0.0405680577943907,0.017389015233358292,0.033884668036874975,0.014150734827412392,0.05037037037037038,0.022442845361364327,0.04149842101900978,0.017693404828741106,0.05184003598030105,0.017899579538570083
scale,standard,none,mean / none,0.03858017265702407,0.013087743333057027,0.03126636537873821,0.014634469657195085,0.050793650793650794,0.01365448455086131,0.040215944418893666,0.012328204308067633,0.048449090211805254,0.014339930539003686
scale,standard,none,mean / pca95,0.0565636571618545,0.016571275731516573,0.05047383032100572,0.018486080592270113,0.0630687830687831,0.015143740799998529,0.05626882507453799,0.015497266865670108,0.07133664684195844,0.012784569599394542
scale,standard,none,median / kbest8,0.03962723667835355,0.016809385205737777,0.034121251464905876,0.013200430391774676,0.047195767195767194,0.022813990227660324,0.0401683301668412,0.017391305823346737,0.0509029184388778,0.018157427066757017
scale,standard,none,median / none,0.03471179356396559,0.0132399897723493,0.029868271289564152,0.014398428679914388,0.04211640211640209,0.014224835990608645,0.03549130955412712,0.012668602585037712,0.0466345922052418,0.014121355569087618
scale,standard,none,median / pca95,0.05447253650972095,0.01598416855960406,0.0496729636067349,0.017351404369698318,0.05862433862433862,0.014209083121999266,0.05384127866831627,0.015109789663218192,0.06963826125267321,0.01057613809818065
scale,minmax,none,mean / kbest8,0.03209831651746364,0.017681195999119017,0.02764009104259999,0.01512816535563505,0.03830687830687833,0.02136675386725568,0.03259001838005728,0.017840980776078878,0.045283762134612895,0.015485799779807297
scale,minmax,none,mean / none,0.01767000505241607,0.00543616055932219,0.008396173260017825,0.009799981650109205,0.03809523809523811,0.00882186878335078,0.021864803612011374,0.003242080527665955,0.030633328567191496,0.008053176984458007
scale,minmax,none,mean / pca95,0.03492198282178531,0.011423141696025992,0.027083093587183193,0.012469609902206425,0.04888888888888889,0.014006681149438548,0.03697583790246863,0.011089328475050071,0.05281489286377881,0.011647624937226179
scale,minmax,none,median / kbest8,0.03115744072159874,0.017689102634638378,0.02765848119751768,0.014204183665391515,0.03555555555555556,0.023598120861502068,0.03130245843337347,0.01839433062996065,0.044732937788780555,0.015306703161739555
scale,minmax,none,median / none,0.015160747757580228,0.004245744256694312,0.008027652586025825,0.009023729553048903,0.03089947089947087,0.01108336167007504,0.018400748682685264,0.002966102701025307,0.02942710873400911,0.008146926788064337
scale,minmax,none,median / pca95,0.034294531798506986,0.012622989329393978,0.028188310331542232,0.013352718394257513,0.04423280423280427,0.014670498899998663,0.035520301155457144,0.01218831809855297,0.05121123072589655,0.012386740204603704
scale,robust,none,mean / kbest8,0.05917932140146585,0.021254786771433568,0.05569940073344617,0.018308791019988776,0.060317460317460346,0.02586646891339751,0.05788983145810016,0.021147049929400294,0.07486179081765239,0.019314251725464363
scale,robust,none,mean / none,0.06869443162506261,0.007011623551293027,0.06901332352314346,0.006769680153153516,0.06243386243386244,0.008432474841539283,0.06593615321733245,0.0069668956870000765,0.07884356068689058,0.0113704977913711
scale,robust,none,mean / pca95,0.046110022374985515,0.013726734503738626,0.05039351384550337,0.01916082799838219,0.03195767195767196,0.009267569966480958,0.0416328510688202,0.010649258744179647,0.05285594465179875,0.024119650063674333
scale,robust,none,median / kbest8,0.05677515873553991,0.0232849371459484,0.0563846059764896,0.018130745765446883,0.05227513227513227,0.03097475788609641,0.05443717611150618,0.02387726550051279,0.07255344443508396,0.021463754742244042
scale,robust,none,median / none,0.06346682137412596,0.008903588365214031,0.06534971793161042,0.006790688165806016,0.0548148148148148,0.013785074344535058,0.06035291634853259,0.00939083199489928,0.076509836294785,0.01360616335989219
scale,robust,none,median / pca95,0.04004548268071133,0.012299731747654157,0.03684988635353785,0.017365925413856655,0.04211640211640213,0.010243255060596864,0.039311395937116654,0.009467723745204736,0.04239908994727082,0.01934238604973332
reduction,pca95,none,mean / minmax,-0.0041819132253005705,0.00992516338005618,-0.004547376094266498,0.011695853045683392,-0.0031746031746032076,0.00436307473610334,-0.0038802956921235366,0.008350130182421268,-0.006388824677110838,0.005474624907154992
reduction,pca95,none,mean / none,-0.021433890994669812,0.005992356659834605,-0.023234296421431867,0.005507298579002459,-0.013968253968253986,0.009796221638969836,-0.018991329982580796,0.006375566749983755,-0.028570388973698145,0.0036663889642014336
reduction,pca95,none,mean / robust,-0.044018300244746913,0.016517224579775266,-0.04185410609907196,0.024667003757091695,-0.04444444444444447,0.005796005899525602,-0.04329463213109306,0.01158399454163768,-0.054558005008789975,0.021065783255037628
reduction,pca95,none,mean / standard,-0.003450406489839386,0.006535265168769761,-0.004026831479164361,0.005749880304371114,-0.0016931216931216797,0.007869203150297675,-0.0029384493269364763,0.0064142450159557695,-0.005682832343544964,0.004483262323235682
reduction,pca95,none,median / minmax,-0.004286461055933066,0.010645156427535983,-0.004469650551585302,0.011858473132667347,-0.003809523809523774,0.006759246316474678,-0.004109892294656947,0.009402184185348857,-0.007365814341230315,0.006368283648974016
reduction,pca95,none,median / none,-0.023420245096859825,0.006131376646293769,-0.02463030829710171,0.006455255290851279,-0.01714285714285717,0.009796221638969845,-0.02122944476742883,0.00626754147537122,-0.029149936333117753,0.004501618513260927
reduction,pca95,none,median / robust,-0.046841583790274456,0.015294297311303667,-0.05313013987517427,0.02263700411800396,-0.029841269841269846,0.015268928241631972,-0.042270965178844766,0.011935970951331063,-0.06326068268063194,0.012244584690720654
reduction,pca95,none,median / standard,-0.0036595021511044656,0.007271495774191279,-0.004825615979930964,0.00558956163126711,-0.0006349206349206326,0.009830454317454896,-0.0028794756532396714,0.007511694457487567,-0.0061462672856863465,0.005675294064115745
reduction,kbest8,none,mean / minmax,0.014741572198150976,0.01707257726814545,0.01933382781349551,0.01865961108022381,0.0012698412698412653,0.011183938701050056,0.011250008016375235,0.014695402270850647,0.010413437481219723,0.01164888135381689
reduction,kbest8,none,mean / none,0.0003132607331034043,0.007837844159670062,8.991003091334271e-05,0.007475054530533006,0.001058201058201047,0.008853545254328845,0.000524793248329325,0.0077867002853886005,-0.004236996086201672,0.0036564363906269773
reduction,kbest8,none,mean / robust,-0.009201849490493363,0.011658341015587591,-0.013224012758783954,0.01113802799587588,-0.001058201058201047,0.013510206703495948,-0.007521528510902975,0.011583380119202541,-0.008218765955439866,0.009831180447658112
reduction,kbest8,none,mean / standard,0.002301145870470034,0.01426686844667232,0.0027082126890501045,0.015568268938935783,0.0006349206349206326,0.01096145114292365,0.0018072698484454363,0.013062176340279594,-0.000846050317705882,0.014047887341041997
reduction,kbest8,none,median / minmax,0.016309953697121914,0.016560585561222422,0.01988253183013511,0.01783492442387103,0.005291005291005302,0.011640211640211668,0.013317717951325369,0.01461987864725069,0.011633890736786312,0.012543844778621931
reduction,kbest8,none,median / none,0.0003132607331034043,0.007863948461469455,0.00025170321864325106,0.007404536424726158,0.0006349206349206104,0.009090680040175493,0.0004160082006371635,0.007880875107960358,-0.003671938317985135,0.0035210132961726297
reduction,kbest8,none,median / robust,-0.006378401905482644,0.01511635928807575,-0.008713408736477569,0.01457907888387007,-0.0019047619047619202,0.015378541481130072,-0.005499732036389249,0.01481309169638785,-0.007628330177686183,0.011713037307624085
reduction,kbest8,none,median / standard,0.005228703847491367,0.016601292681898434,0.004504683393984976,0.017449883635936785,0.005714285714285716,0.013930524642339934,0.005093028813351252,0.015606905427391054,0.0005963879156508645,0.015191897280001329
