combination,imputation,scale,reduction,status,valid_folds,seconds_total,error,accuracy_mean,accuracy_std,precision_mean,precision_std,recall_mean,recall_std,f1_mean,f1_std,auc_mean,auc_std,n_features_before,n_features_after_min,n_features_after_max,accuracy_delta_baseline,accuracy_comparison,precision_delta_baseline,precision_comparison,recall_delta_baseline,recall_comparison,f1_delta_baseline,f1_comparison,auc_delta_baseline,auc_comparison
mean__robust__none,mean,robust,none,complete,5,0.881779000046663,,0.8111671518590049,0.01166801136498969,0.793052874296975,0.014179083361525489,0.8361904761904763,0.014841246262796133,0.81397019936311,0.011287255953848201,0.8882135724887441,0.006693892047118175,12,12,12,0.0689036366459832,acima,0.06902368317846463,acima,0.06306878306878305,acima,0.06623679490416923,acima,0.07946711934161399,acima
median__robust__none,median,robust,none,complete,5,1.3421357000479475,,0.8057303365871477,0.013433464452952288,0.7893789090501206,0.01573787633309347,0.8279365079365079,0.018184439318255995,0.8080863208074733,0.013185273049077679,0.8852562894419151,0.006894962490595858,12,12,12,0.06346682137412596,acima,0.06534971793161026,acima,0.05481481481481465,acima,0.06035291634853257,acima,0.07650983629478503,acima
mean__robust__kbest8,mean,robust,kbest8,complete,5,0.8111080000526272,,0.8019653023685114,0.008792822641175282,0.779828861538191,0.01136106586128958,0.8351322751322752,0.01398668016658166,0.8064486708522068,0.008555451058350233,0.8799948065333043,0.009121177276496254,12,8,8,0.05970178715548968,acima,0.05579967041968059,acima,0.06201058201058196,acima,0.058715266393266075,acima,0.07124835338617419,acima
median__robust__kbest8,median,robust,kbest8,complete,5,1.3939794999896549,,0.799351934681665,0.00854690960093217,0.7806655003136431,0.0074223550309004,0.8260317460317459,0.020771492158276485,0.8025865887710841,0.010318825281587663,0.877627959264229,0.011228151406363305,12,8,8,0.05708841946864329,acima,0.05663630919513274,acima,0.052910052910052685,acima,0.054853184312143366,acima,0.06888150611709887,acima
mean__standard__kbest8,mean,standard,kbest8,complete,5,0.93821619998198,,0.7833540387614362,0.01163846850866481,0.7580141288416197,0.014062744895852547,0.8251851851851851,0.01744267185958904,0.7900572604131165,0.011330934145615186,0.856973051695953,0.01177134881863658,12,8,8,0.04109052354841447,acima,0.03398493772310929,acima,0.05206349206349192,acima,0.04232385595417576,acima,0.04822659854882283,acima
median__standard__kbest8,median,standard,kbest8,complete,5,1.1467639000038616,,0.7822040126244786,0.012457901603552028,0.7584021458020593,0.01474216261853571,0.8209523809523809,0.01828882493628011,0.788317742826419,0.012246200548751167,0.8559774332680228,0.012426025934170238,12,8,8,0.03994049741145689,acima,0.03437295468354895,acima,0.04783068783068767,acima,0.04058433836747821,acima,0.04723098012089266,acima
mean__standard__none,mean,standard,none,complete,5,0.6225237000617199,,0.7810528928909664,0.0088543689471971,0.7553059161525697,0.016190262573937048,0.8245502645502645,0.008897702861197001,0.788249990564671,0.005083201882959334,0.8578191020136587,0.005170982091160096,12,12,12,0.03878937767794466,acima,0.031276725034059316,acima,0.05142857142857127,acima,0.04051658610573028,acima,0.04907264886652862,acima
mean__standard__pca95,mean,standard,pca95,complete,5,0.717904300079681,,0.777602486401127,0.013296190797175268,0.7512790846734053,0.018736749923636973,0.8228571428571427,0.007797728434683859,0.7853115412377346,0.01008084419180703,0.8521362696701138,0.006836732111646348,12,10,10,0.03533897118810525,acima,0.027249893554894933,acima,0.04973544973544952,acima,0.03757813677879385,acima,0.04338981652298368,acima
median__standard__none,median,standard,none,complete,5,1.5426669000298716,,0.7769753087769873,0.008551071643024506,0.7538974624080743,0.015563515292666736,0.8152380952380952,0.00821725657494904,0.7832247140130679,0.004989086509284809,0.8553810453523718,0.005032168003498193,12,12,12,0.03471179356396559,acima,0.02986827128956393,acima,0.042116402116401996,acima,0.03549130955412716,acima,0.04663459220524169,acima
mean__minmax__kbest8,mean,minmax,kbest8,complete,5,0.8845834999228828,,0.7748842974845094,0.01414535666945914,0.7517695518473448,0.016498075857900824,0.8131216931216931,0.016111089391041902,0.781148857774164,0.013239060639952982,0.8504167778502646,0.008300339893700435,12,8,8,0.03262078227148768,acima,0.027740360728834457,acima,0.039999999999999925,acima,0.03341545331522322,acima,0.041670324703134476,acima
median__standard__pca95,median,standard,pca95,complete,5,1.3575569000677206,,0.773315806625883,0.013368209507309077,0.7490718464281435,0.01853476815312489,0.8146031746031746,0.008003246730662049,0.7803452383598282,0.010343034697878725,0.8492347780666855,0.008315015211725934,12,10,10,0.031052291412861255,acima,0.02504265530963312,acima,0.04148148148148134,acima,0.0326118339008874,acima,0.04048832491955534,acima
median__minmax__kbest8,median,minmax,kbest8,complete,5,1.105954699916765,,0.7737342166677237,0.014618119824395693,0.7519393755346713,0.016904773430954898,0.8093121693121693,0.018652575996490003,0.7794518710929513,0.014076142998723399,0.8498074526179256,0.00817680365099826,12,8,8,0.03147070145470199,acima,0.027910184416160888,acima,0.036190476190476106,acima,0.03171846663401057,acima,0.041060999470795445,acima
mean__robust__pca95,mean,robust,pca95,complete,5,0.7320755999535322,,0.7671488516142578,0.01384846386122393,0.751198768197903,0.02048095335803234,0.7917460317460318,0.01805776000651983,0.7706755672320169,0.011414598870460289,0.8336555674799542,0.018705966639656024,12,2,4,0.024885336401236136,acima,0.027169577079392604,acima,0.018624338624338543,acima,0.022942162773076147,acima,0.024909114332824056,acima
mean__minmax__none,mean,minmax,none,complete,5,0.864357199985534,,0.7601427252863582,0.016381517056914024,0.7324357240338493,0.021080907457993677,0.8118518518518518,0.016314838623034313,0.7698988497577888,0.013360453937232338,0.840003340369045,0.010565680953412985,12,12,12,0.017879210073336482,acima,0.008406532915338882,empate,0.038730158730158615,acima,0.022165445298848008,acima,0.031256887221914886,acima
median__minmax__none,median,minmax,none,complete,5,1.561245599994436,,0.7574242629706018,0.014493249552499173,0.7320568437045359,0.019600700662109442,0.804021164021164,0.017313799227292336,0.7661341531416259,0.011907266358488903,0.8381735618811392,0.01142876510376922,12,12,12,0.01516074775758014,acima,0.008027652586025558,empate,0.03089947089947076,acima,0.018400748682685153,acima,0.02942710873400911,acima
mean__minmax__pca95,mean,minmax,pca95,complete,5,0.6754864000831731,,0.7559608120610577,0.009647632498158518,0.7278883479395828,0.012229020724418746,0.8086772486772486,0.01734610714721221,0.7660185540656652,0.00903227102685856,0.8336145156919341,0.007504876907166068,12,7,8,0.013697296848036,acima,0.003859156821072407,empate,0.03555555555555534,acima,0.01828514960672445,acima,0.024868062544804004,acima
median__robust__pca95,median,robust,pca95,complete,5,1.112047100032214,,0.7588887527968732,0.009189706339819673,0.7362487691749463,0.011062035845814515,0.798095238095238,0.016366234860682522,0.7658153556286286,0.009170378208279427,0.8219956067612832,0.008429790666675221,12,2,3,0.016625237583851482,acima,0.01221957805643592,empate,0.02497354497354476,acima,0.018081951169687804,acima,0.01324915361415313,empate
median__minmax__pca95,median,minmax,pca95,complete,5,1.0896672999951988,,0.7531378019146688,0.007995290642693286,0.7275871931529508,0.010518127515958878,0.8002116402116402,0.01847159588198508,0.7620242608469691,0.008299677117343935,0.8308077475399088,0.00911985172121363,12,7,8,0.01087428670164714,empate,0.003558002034440455,empate,0.027089947089946942,acima,0.014290856388028295,acima,0.022061294392778708,acima
mean__none__kbest8,mean,none,kbest8,complete,5,0.7024437999934889,,0.7427859809670456,0.01895787068984848,0.7241294608047448,0.020173377605719682,0.7748148148148148,0.01769760202507454,0.7485588393941066,0.017668378222576657,0.8051330157156518,0.01707375580383307,12,8,8,0.0005224657540239264,empate,0.00010026968623444432,empate,0.0016931216931216353,empate,0.0008254349351658474,empate,-0.00361343743147835,empate
median__none__kbest8,median,none,kbest8,complete,5,1.3154485999257304,,0.742576775946125,0.019258164713811567,0.7242808943371536,0.020424193683352628,0.7737566137566139,0.01783939937598861,0.7481494126595779,0.017992015868182838,0.8050745148291449,0.017494579421770733,12,8,8,0.0003132607331033377,empate,0.00025170321864320666,empate,0.0006349206349206549,empate,0.0004160082006371413,empate,-0.0036719383179851794,empate
mean__none__none,mean,none,none,complete,5,1.103414899960626,,0.7424727202339423,0.013225674040211336,0.7240395507738315,0.013752245980736377,0.7737566137566138,0.014439695325642894,0.7480340461457774,0.01269073016092007,0.8093700118018535,0.016148400086461637,12,12,12,0.00020920502092058868,empate,1.0359655321146022e-05,empate,0.0006349206349205438,empate,0.0003006416868366335,empate,0.0006235586547234107,empate
median__none__none,median,none,none,complete,5,1.2262967000133358,,0.7422635152130217,0.013183152206813077,0.7240291911185104,0.013958996468816707,0.7731216931216932,0.013646281195028729,0.7477334044589408,0.012484879919365827,0.8087464531471301,0.016339020371697727,12,12,12,0.0,empate,0.0,empate,0.0,empate,0.0,empate,0.0,empate
mean__none__pca95,mean,none,pca95,complete,5,0.7270354999927804,,0.7210388292392723,0.01821663554806998,0.7008052543523996,0.01718143346718701,0.7597883597883598,0.02248521625489499,0.7290427161631967,0.018229156926910788,0.7807996228281553,0.01703509212033376,12,2,2,-0.02122468597374938,abaixo,-0.023223936766110787,abaixo,-0.01333333333333342,empate,-0.01869068829574405,abaixo,-0.027946830318974825,abaixo
median__none__pca95,median,none,pca95,complete,5,1.0698291000444442,,0.7188432701161619,0.017806788048958473,0.6993988828214086,0.017529222328662927,0.755978835978836,0.021950977496739073,0.7265039596915119,0.017577339203022162,0.7795965168140123,0.016646501703134677,12,2,2,-0.023420245096859804,abaixo,-0.024630308297101777,abaixo,-0.017142857142857237,empate,-0.02122944476742883,abaixo,-0.0291499363331178,abaixo
