combination,imputation,scale,reduction,fold,status,error,warnings,n_features_before,n_features_after,selected_features,pca_variance,accuracy,precision,recall,f1,auc,seconds
mean__none__none,mean,none,none,1,ok,,,12,12,,,0.7438578149503398,0.7250247279920871,0.7756613756613756,0.7494887525562373,0.8091472080108444,0.4819965999922715
mean__none__none,mean,none,none,2,ok,,,12,12,,,0.7224255096706743,0.7033398821218074,0.7576719576719577,0.7294956698930208,0.7901416765053129,0.14994899998418987
mean__none__none,mean,none,none,3,ok,,,12,12,,,0.7564035546262415,0.7416750756811302,0.7777777777777778,0.7592975206611571,0.8320799991254536,0.1569959000335075
mean__none__none,mean,none,none,4,ok,,,12,12,,,0.7381076842655515,0.7224448897795591,0.762962962962963,0.7421513124034997,0.7990155887883161,0.13854399998672307
mean__none__none,mean,none,none,5,ok,,,12,12,,,0.7515690376569037,0.7277131782945736,0.7947089947089947,0.7597369752149722,0.8164655865793404,0.17592939996393397
mean__none__pca95,mean,none,pca95,1,ok,,,12,2,,0.9996521362522712,0.7182435964453737,0.6948176583493282,0.7661375661375661,0.7287367891293407,0.7840318772136954,0.15730910003185272
mean__none__pca95,mean,none,pca95,2,ok,,,12,2,,0.9994598577753515,0.6973340303188709,0.6776699029126214,0.7386243386243386,0.7068354430379746,0.7576386155931611,0.14521119999699295
mean__none__pca95,mean,none,pca95,3,ok,,,12,2,,0.9996127022962691,0.7417668583376895,0.7230464886251237,0.7735449735449735,0.7474437627811861,0.8002656434474615,0.1544825999881141
mean__none__pca95,mean,none,pca95,4,ok,,,12,2,,0.9996934729330952,0.7114479874542603,0.6974874371859296,0.7343915343915344,0.7154639175257732,0.7701943679216408,0.14351019996684045
mean__none__pca95,mean,none,pca95,5,ok,,,12,2,,0.9995739667093441,0.7364016736401674,0.7110047846889952,0.7862433862433862,0.7467336683417085,0.7918676099648179,0.12652240000898018
mean__none__kbest8,mean,none,kbest8,1,ok,,,12,8,"[""koi_impact"", ""koi_duration"", ""koi_depth"", ""koi_teq"", ""koi_steff"", ""koi_slogg"", ""koi_srad"", ""koi_model_snr""]",,0.7391531625718767,0.7225548902195609,0.7661375661375661,0.743708269131998,0.8046793694520967,0.13961359998211265
mean__none__kbest8,mean,none,kbest8,2,ok,,,12,8,"[""koi_impact"", ""koi_duration"", ""koi_depth"", ""koi_teq"", ""koi_steff"", ""koi_slogg"", ""koi_srad"", ""koi_model_snr""]",,0.7166753789858861,0.6965853658536585,0.7555555555555555,0.7248730964467005,0.7824161528706983,0.15382659999886528
mean__none__kbest8,mean,none,kbest8,3,ok,,,12,8,"[""koi_impact"", ""koi_duration"", ""koi_depth"", ""koi_teq"", ""koi_steff"", ""koi_slogg"", ""koi_srad"", ""koi_model_snr""]",,0.7694720334553058,0.7535211267605634,0.7925925925925926,0.7725631768953068,0.8297979797979799,0.12053760001435876
mean__none__kbest8,mean,none,kbest8,4,ok,,,12,8,"[""koi_duration"", ""koi_depth"", ""koi_teq"", ""koi_steff"", ""koi_slogg"", ""koi_srad"", ""koi_model_snr"", ""koi_kepmag""]",,0.7407213800313643,0.7251755265797393,0.765079365079365,0.7445932028836252,0.7998961476234203,0.13167239999165758
mean__none__kbest8,mean,none,kbest8,5,ok,,,12,8,"[""koi_impact"", ""koi_duration"", ""koi_depth"", ""koi_teq"", ""koi_steff"", ""koi_slogg"", ""koi_srad"", ""koi_model_snr""]",,0.747907949790795,0.7228103946102021,0.7947089947089947,0.7570564516129032,0.8088754288340638,0.15679360000649467
mean__standard__none,mean,standard,none,1,ok,,,12,12,,,0.7820177731312076,0.7583170254403131,0.8201058201058201,0.788002033553635,0.8543842100660282,0.13393379998160526
mean__standard__none,mean,standard,none,2,ok,,,12,12,,,0.7731312075274438,0.7408105560791706,0.8317460317460318,0.7836490528414756,0.8548362411998776,0.1346252000075765
mean__standard__none,mean,standard,none,3,ok,,,12,12,,,0.7903815995818086,0.7703777335984096,0.8201058201058201,0.7944643772424398,0.8653302505575233,0.12081790005322546
mean__standard__none,mean,standard,none,4,ok,,,12,12,,,0.788813382122321,0.7707707707707707,0.8148148148148148,0.7921810699588477,0.8610963531418077,0.11681470001349226
mean__standard__none,mean,standard,none,5,ok,,,12,12,,,0.7709205020920502,0.7362534948741846,0.8359788359788359,0.7829534192269574,0.853448455103057,0.1163321000058204
mean__standard__pca95,mean,standard,pca95,1,ok,,,12,10,,0.959029584045451,0.7856769472033456,0.761485826001955,0.8243386243386244,0.7916666666666666,0.8546115921115922,0.11932019999949262
mean__standard__pca95,mean,standard,pca95,2,ok,,,12,10,,0.9546719058299491,0.759539989545217,0.7281279397930386,0.819047619047619,0.7709163346613546,0.8442995977086886,0.11629760003415868
mean__standard__pca95,mean,standard,pca95,3,ok,,,12,10,,0.9521685546898832,0.7909043387349712,0.7674190382728164,0.8275132275132275,0.7963340122199593,0.8622370895098168,0.14097260002745315
mean__standard__pca95,mean,standard,pca95,4,ok,,,12,10,,0.9604827003936492,0.7841087297438578,0.7654690618762475,0.8116402116402116,0.7878787878787878,0.8515222572040753,0.1823366000317037
mean__standard__pca95,mean,standard,pca95,5,ok,,,12,10,,0.9559713644606729,0.7677824267782427,0.7338935574229691,0.8317460317460318,0.7797619047619048,0.848010811816396,0.15897729998687282
mean__standard__kbest8,mean,standard,kbest8,1,ok,,,12,8,"[""koi_impact"", ""koi_duration"", ""koi_depth"", ""koi_teq"", ""koi_steff"", ""koi_slogg"", ""koi_srad"", ""koi_model_snr""]",,0.7882906429691584,0.7621359223300971,0.8306878306878307,0.7949367088607595,0.86680550089641,0.15426059998571873
mean__standard__kbest8,mean,standard,kbest8,2,ok,,,12,8,"[""koi_impact"", ""koi_duration"", ""koi_depth"", ""koi_teq"", ""koi_steff"", ""koi_slogg"", ""koi_srad"", ""koi_model_snr""]",,0.7835859905906952,0.7526165556612749,0.837037037037037,0.7925851703406813,0.8591619659801477,0.19516010000370443
mean__standard__kbest8,mean,standard,kbest8,3,ok,,,12,8,"[""koi_impact"", ""koi_duration"", ""koi_depth"", ""koi_teq"", ""koi_steff"", ""koi_slogg"", ""koi_srad"", ""koi_model_snr""]",,0.7976999477260847,0.7806841046277666,0.8211640211640212,0.8004125838060856,0.8635379771743409,0.18381690001115203
mean__standard__kbest8,mean,standard,kbest8,4,ok,,,12,8,"[""koi_duration"", ""koi_depth"", ""koi_teq"", ""koi_steff"", ""koi_slogg"", ""koi_srad"", ""koi_model_snr"", ""koi_kepmag""]",,0.7658128593831678,0.7462834489593657,0.7968253968253968,0.7707267144319345,0.8367948970221697,0.21258269995450974
mean__standard__kbest8,mean,standard,kbest8,5,ok,,,12,8,"[""koi_impact"", ""koi_duration"", ""koi_depth"", ""koi_teq"", ""koi_steff"", ""koi_slogg"", ""koi_srad"", ""koi_model_snr""]",,0.7813807531380753,0.7483506126295947,0.8402116402116402,0.7916251246261217,0.858564917406696,0.1923959000268951
mean__minmax__none,mean,minmax,none,1,ok,,,12,12,,,0.7590172503920544,0.7309160305343512,0.8105820105820106,0.7686904164576016,0.8414518562245835,0.19410009996499866
mean__minmax__none,mean,minmax,none,2,ok,,,12,12,,,0.7349712493465761,0.7009174311926606,0.8084656084656084,0.7508599508599508,0.8236280554462373,0.17976530001033098
mean__minmax__none,mean,minmax,none,3,ok,,,12,12,,,0.7804495556717198,0.7581120943952803,0.8158730158730159,0.7859327217125383,0.8532232498141589,0.1748174999956973
mean__minmax__none,mean,minmax,none,4,ok,,,12,12,,,0.7611082070047046,0.7430278884462151,0.7894179894179895,0.7655207798871216,0.840678429314793,0.16930710000451654
mean__minmax__none,mean,minmax,none,5,ok,,,12,12,,,0.7651673640167364,0.7292051756007394,0.834920634920635,0.7784903798717316,0.8410351110454523,0.14636720000999048
mean__minmax__pca95,mean,minmax,pca95,1,ok,,,12,8,,0.956167683690748,0.7590172503920544,0.7318007662835249,0.8084656084656084,0.7682252388134742,0.831695745332109,0.13361650001024827
mean__minmax__pca95,mean,minmax,pca95,2,ok,,,12,7,,0.9558828958036414,0.7396759017250392,0.7067530064754857,0.8084656084656084,0.7541954590325765,0.8214395032576851,0.13968540000496432
mean__minmax__pca95,mean,minmax,pca95,3,ok,,,12,7,,0.9589259101757046,0.759539989545217,0.733847637415622,0.8052910052910053,0.7679112008072654,0.8390091390091391,0.12661210005171597
mean__minmax__pca95,mean,minmax,pca95,4,ok,,,12,7,,0.9571056913043532,0.7564035546262415,0.7378351539225422,0.7862433862433862,0.7612704918032787,0.836169596396869,0.13398390001384541
mean__minmax__pca95,mean,minmax,pca95,5,ok,,,12,8,,0.979680137094846,0.7651673640167364,0.7292051756007394,0.834920634920635,0.7784903798717316,0.8397585944638685,0.1415885000023991
mean__minmax__kbest8,mean,minmax,kbest8,1,ok,,,12,8,"[""koi_impact"", ""koi_duration"", ""koi_depth"", ""koi_teq"", ""koi_steff"", ""koi_slogg"", ""koi_srad"", ""koi_model_snr""]",,0.7856769472033456,0.761485826001955,0.8243386243386244,0.7916666666666666,0.856301652892562,0.1815929000149481
mean__minmax__kbest8,mean,minmax,kbest8,2,ok,,,12,8,"[""koi_impact"", ""koi_duration"", ""koi_depth"", ""koi_teq"", ""koi_steff"", ""koi_slogg"", ""koi_srad"", ""koi_model_snr""]",,0.7720857292211186,0.74447646493756,0.8201058201058201,0.7804632426988922,0.850070510297783,0.1460903999977745
mean__minmax__kbest8,mean,minmax,kbest8,3,ok,,,12,8,"[""koi_impact"", ""koi_duration"", ""koi_depth"", ""koi_teq"", ""koi_steff"", ""koi_slogg"", ""koi_srad"", ""koi_model_snr""]",,0.7919498170412964,0.7759838546922301,0.8137566137566138,0.7944214876033058,0.8566673225764134,0.15848549996735528
mean__minmax__kbest8,mean,minmax,kbest8,4,ok,,,12,8,"[""koi_duration"", ""koi_depth"", ""koi_teq"", ""koi_steff"", ""koi_slogg"", ""koi_srad"", ""koi_model_snr"", ""koi_kepmag""]",,0.7564035546262415,0.7383084577114428,0.7851851851851852,0.7610256410256411,0.8363898727535091,0.19193749997066334
mean__minmax__kbest8,mean,minmax,kbest8,5,ok,,,12,8,"[""koi_impact"", ""koi_duration"", ""koi_depth"", ""koi_teq"", ""koi_steff"", ""koi_slogg"", ""koi_srad"", ""koi_model_snr""]",,0.768305439330544,0.7385931558935361,0.8222222222222222,0.7781672508763144,0.852654530731056,0.20647719997214153
mean__robust__none,mean,robust,none,1,ok,,,12,12,,,0.8207004704652379,0.801,0.8476190476190476,0.8236503856041131,0.8919847828938738,0.20115540002007037
mean__robust__none,mean,robust,none,2,ok,,,12,12,,,0.7976999477260847,0.7767857142857143,0.8285714285714286,0.8018433179723502,0.8790737461192009,0.17744370002765208
mean__robust__none,mean,robust,none,3,ok,,,12,12,,,0.8233141662310507,0.8132094943240454,0.8338624338624339,0.8234064785788924,0.8917076610258428,0.1877540000132285
mean__robust__none,mean,robust,none,4,ok,,,12,12,,,0.8003136434918976,0.7869520897043832,0.816931216931217,0.8016614745586709,0.8833409856137129,0.15801250003278255
mean__robust__none,mean,robust,none,5,ok,,,12,12,,,0.8138075313807531,0.7873170731707317,0.8539682539682539,0.8192893401015229,0.89496068679109,0.15741339995292947
mean__robust__pca95,mean,robust,pca95,1,ok,,,12,2,,0.96310229239619,0.7475169890224778,0.7166979362101313,0.8084656084656084,0.7598209845847836,0.8015206174297084,0.12511890003224835
mean__robust__pca95,mean,robust,pca95,2,ok,,,12,3,,0.9621712131802425,0.7626764244641924,0.7512794268167861,0.7767195767195767,0.7637877211238293,0.837928527701255,0.12329579994548112
mean__robust__pca95,mean,robust,pca95,3,ok,,,12,3,,0.9698411449892562,0.7820177731312076,0.7704918032786885,0.7957671957671958,0.7829255596043727,0.8506526301980847,0.17021630000090227
mean__robust__pca95,mean,robust,pca95,4,ok,,,12,4,,0.9939795499840114,0.7647673810768426,0.7580813347236705,0.7693121693121693,0.7636554621848739,0.83972681359045,0.13366619998123497
mean__robust__pca95,mean,robust,pca95,5,ok,,,12,3,,0.9676804548646691,0.7787656903765691,0.7594433399602386,0.8084656084656084,0.7831881086622245,0.8384492484802724,0.17977839999366552
mean__robust__kbest8,mean,robust,kbest8,1,ok,,,12,8,"[""koi_impact"", ""koi_duration"", ""koi_depth"", ""koi_teq"", ""koi_steff"", ""koi_slogg"", ""koi_srad"", ""koi_model_snr""]",,0.8060637741766858,0.7802734375,0.8455026455026455,0.8115794819705434,0.8830594910140365,0.1867299000150524
mean__robust__kbest8,mean,robust,kbest8,2,ok,,,12,8,"[""koi_impact"", ""koi_duration"", ""koi_depth"", ""koi_teq"", ""koi_steff"", ""koi_slogg"", ""koi_srad"", ""koi_model_snr""]",,0.8092002090956613,0.783203125,0.8486772486772487,0.8146267140680549,0.8867205605841969,0.17352110001957044
mean__robust__kbest8,mean,robust,kbest8,3,ok,,,12,8,"[""koi_impact"", ""koi_duration"", ""koi_depth"", ""koi_teq"", ""koi_steff"", ""koi_slogg"", ""koi_srad"", ""koi_model_snr""]",,0.8081547307893361,0.7967145790554415,0.8211640211640212,0.808754559666493,0.8823877301150028,0.15228679997380823
mean__robust__kbest8,mean,robust,kbest8,4,ok,,,12,8,"[""koi_duration"", ""koi_depth"", ""koi_teq"", ""koi_steff"", ""koi_slogg"", ""koi_srad"", ""koi_model_snr"", ""koi_kepmag""]",,0.7882906429691584,0.7678571428571429,0.819047619047619,0.7926267281105991,0.8639479207661025,0.14961359999142587
mean__robust__kbest8,mean,robust,kbest8,5,ok,,,12,8,"[""koi_impact"", ""koi_duration"", ""koi_depth"", ""koi_teq"", ""koi_steff"", ""koi_slogg"", ""koi_srad"", ""koi_model_snr""]",,0.7981171548117155,0.7710960232783706,0.8412698412698413,0.8046558704453441,0.8838583301871823,0.14895660005277023
median__none__none,median,none,none,1,ok,,,12,12,,,0.7433350757971772,0.7247524752475247,0.7746031746031746,0.7488491048593351,0.8085251869342779,0.22235430002911016
median__none__none,median,none,none,2,ok,,,12,12,,,0.7224255096706743,0.7033398821218074,0.7576719576719577,0.7294956698930208,0.7893491188945735,0.2956191999837756
median__none__none,median,none,none,3,ok,,,12,12,,,0.7569262937794041,0.7424242424242424,0.7777777777777778,0.7596899224806202,0.8322844243298789,0.2836049000034109
median__none__none,median,none,none,4,ok,,,12,12,,,0.7381076842655515,0.7224448897795591,0.762962962962963,0.7421513124034997,0.7987297214569943,0.21305540000321344
median__none__none,median,none,none,5,ok,,,12,12,,,0.7505230125523012,0.7271844660194174,0.7925925925925926,0.7584810126582279,0.8148438141199258,0.2116628999938257
median__none__pca95,median,none,pca95,1,ok,,,12,2,,0.9996522879091444,0.7151071615263983,0.6915708812260536,0.764021164021164,0.7259929612870789,0.7829266692903056,0.19956750003620982
median__none__pca95,median,none,pca95,2,ok,,,12,2,,0.9994602321040942,0.6957658128593832,0.6760426770126091,0.7375661375661375,0.7054655870445344,0.7566558441558441,0.22387990000424907
median__none__pca95,median,none,pca95,3,ok,,,12,2,,0.9996128883391477,0.7375849451123889,0.7212787212787213,0.764021164021164,0.7420349434737924,0.7979284183829638,0.22266760002821684
median__none__pca95,median,none,pca95,4,ok,,,12,2,,0.9996936852130206,0.7098797699947726,0.696969696969697,0.7301587301587301,0.7131782945736435,0.7694149285058376,0.22090279997792095
median__none__pca95,median,none,pca95,5,ok,,,12,2,,0.9995741582116962,0.7358786610878661,0.7111324376199616,0.7841269841269841,0.7458480120785104,0.7910567237351105,0.20281129999784753
median__none__kbest8,median,none,kbest8,1,ok,,,12,8,"[""koi_impact"", ""koi_duration"", ""koi_depth"", ""koi_teq"", ""koi_steff"", ""koi_slogg"", ""koi_srad"", ""koi_model_snr""]",,0.7391531625718767,0.723,0.765079365079365,0.7434447300771209,0.804524137478683,0.21356229996308684
median__none__kbest8,median,none,kbest8,2,ok,,,12,8,"[""koi_impact"", ""koi_duration"", ""koi_depth"", ""koi_teq"", ""koi_steff"", ""koi_slogg"", ""koi_srad"", ""koi_model_snr""]",,0.7161526398327235,0.6966731898238747,0.7534391534391535,0.7239450940518556,0.7820127683764048,0.27294950000941753
median__none__kbest8,median,none,kbest8,3,ok,,,12,8,"[""koi_impact"", ""koi_duration"", ""koi_depth"", ""koi_teq"", ""koi_steff"", ""koi_slogg"", ""koi_srad"", ""koi_model_snr""]",,0.7699947726084684,0.7542799597180262,0.7925925925925926,0.7729618163054696,0.830668699986882,0.21326160000171512
median__none__kbest8,median,none,kbest8,4,ok,,,12,8,"[""koi_duration"", ""koi_depth"", ""koi_teq"", ""koi_steff"", ""koi_slogg"", ""koi_srad"", ""koi_model_snr"", ""koi_kepmag""]",,0.7407213800313643,0.7251755265797393,0.765079365079365,0.7445932028836252,0.7998961476234203,0.2911381999729201
median__none__kbest8,median,none,kbest8,5,ok,,,12,8,"[""koi_impact"", ""koi_duration"", ""koi_depth"", ""koi_teq"", ""koi_steff"", ""koi_slogg"", ""koi_srad"", ""koi_model_snr""]",,0.7468619246861925,0.7222757955641272,0.7925925925925926,0.7558022199798183,0.8082708206803346,0.32453699997859076
median__standard__none,median,standard,none,1,ok,,,12,12,,,0.7783585990590696,0.7566502463054188,0.8126984126984127,0.7836734693877551,0.8510942760942761,0.32578899996588007
median__standard__none,median,standard,none,2,ok,,,12,12,,,0.7679038159958181,0.7378917378917379,0.8222222222222222,0.7777777777777778,0.8506542699724517,0.32269220001762733
median__standard__none,median,standard,none,3,ok,,,12,12,,,0.7820177731312076,0.7650602409638554,0.8063492063492064,0.7851622874806801,0.8616139752503389,0.31779840000672266
median__standard__none,median,standard,none,4,ok,,,12,12,,,0.7877679038159958,0.7719475277497477,0.8095238095238095,0.7902892561983471,0.8597593904412086,0.2880555000156164
median__standard__none,median,standard,none,5,ok,,,12,12,,,0.7688284518828452,0.7379375591296121,0.8253968253968254,0.7792207792207793,0.853783315003584,0.28833180002402514
median__standard__pca95,median,standard,pca95,1,ok,,,12,10,,0.9590340377756211,0.7794040773653946,0.7546251217137293,0.8201058201058201,0.7860040567951319,0.8504361799816346,0.2946565000456758
median__standard__pca95,median,standard,pca95,2,ok,,,12,10,,0.9546774067706241,0.7537898588604286,0.7248576850094877,0.8084656084656084,0.7643821910955477,0.8379033844942936,0.30854009999893606
median__standard__pca95,median,standard,pca95,3,ok,,,12,10,,0.9521665553997989,0.7867224255096706,0.7666335650446872,0.816931216931217,0.7909836065573771,0.8612395601031964,0.2546620999928564
median__standard__pca95,median,standard,pca95,4,ok,,,12,10,,0.96048231983692,0.7809722948248824,0.7645875251509054,0.8042328042328042,0.7839092315626611,0.8489461716734443,0.22131640004226938
median__standard__pca95,median,standard,pca95,5,ok,,,12,10,,0.9559693578301031,0.7656903765690377,0.7346553352219075,0.8232804232804233,0.7764471057884231,0.8476485940808588,0.27838179998798296
median__standard__kbest8,median,standard,kbest8,1,ok,,,12,8,"[""koi_impact"", ""koi_duration"", ""koi_depth"", ""koi_teq"", ""koi_steff"", ""koi_slogg"", ""koi_srad"", ""koi_model_snr""]",,0.7867224255096706,0.7619512195121951,0.8264550264550264,0.7928934010152284,0.8654789234334689,0.21360389998881146
median__standard__kbest8,median,standard,kbest8,2,ok,,,12,8,"[""koi_impact"", ""koi_duration"", ""koi_depth"", ""koi_teq"", ""koi_steff"", ""koi_slogg"", ""koi_srad"", ""koi_model_snr""]",,0.7809722948248824,0.751434034416826,0.8317460317460318,0.789552988448016,0.8577829157374612,0.21331700001610443
median__standard__kbest8,median,standard,kbest8,3,ok,,,12,8,"[""koi_impact"", ""koi_duration"", ""koi_depth"", ""koi_teq"", ""koi_steff"", ""koi_slogg"", ""koi_srad"", ""koi_model_snr""]",,0.7982226868792472,0.782608695652174,0.819047619047619,0.8004136504653567,0.8633237133237134,0.21557649999158457
median__standard__kbest8,median,standard,kbest8,4,ok,,,12,8,"[""koi_duration"", ""koi_depth"", ""koi_teq"", ""koi_steff"", ""koi_slogg"", ""koi_srad"", ""koi_model_snr"", ""koi_kepmag""]",,0.7637219027705175,0.7462537462537463,0.7904761904761904,0.7677286742034943,0.8344822685731776,0.22964340000180528
median__standard__kbest8,median,standard,kbest8,5,ok,,,12,8,"[""koi_impact"", ""koi_duration"", ""koi_depth"", ""koi_teq"", ""koi_steff"", ""koi_slogg"", ""koi_srad"", ""koi_model_snr""]",,0.7813807531380753,0.7497630331753554,0.837037037037037,0.791,0.8588193452722925,0.2746231000055559
median__minmax__none,median,minmax,none,1,ok,,,12,12,,,0.7537898588604286,0.7278846153846154,0.801058201058201,0.7627204030226701,0.8364849796667978,0.32578800001647323
median__minmax__none,median,minmax,none,2,ok,,,12,12,,,0.7360167276529012,0.7037037037037037,0.8042328042328042,0.7506172839506173,0.820925160697888,0.30476219998672605
median__minmax__none,median,minmax,none,3,ok,,,12,12,,,0.7757449032932566,0.7559523809523809,0.8063492063492064,0.7803379416282642,0.8527406095587914,0.29796619998523965
median__minmax__none,median,minmax,none,4,ok,,,12,12,,,0.7584945112388918,0.7436932391523713,0.7798941798941799,0.7613636363636364,0.8407833748742839,0.3078733999864198
median__minmax__none,median,minmax,none,5,ok,,,12,12,,,0.7630753138075314,0.729050279329609,0.8285714285714286,0.7756315007429421,0.8399336846079348,0.32485580001957715
median__minmax__pca95,median,minmax,pca95,1,ok,,,12,8,,0.95623164060416,0.7543125980135912,0.7290260366441659,0.8,0.7628657921291625,0.8241314661769208,0.2335692999768071
median__minmax__pca95,median,minmax,pca95,2,ok,,,12,7,,0.9559367763344544,0.7407213800313643,0.7100093545369505,0.8031746031746032,0.7537239324726912,0.8181397306397307,0.2188614999759011
median__minmax__pca95,median,minmax,pca95,3,ok,,,12,7,,0.958976157300816,0.7532671197072661,0.7316356513222331,0.7904761904761904,0.7599186164801628,0.8368982028072938,0.21109190001152456
median__minmax__pca95,median,minmax,pca95,4,ok,,,12,7,,0.9571520072304792,0.7543125980135912,0.7382146439317954,0.7788359788359789,0.7579814624098867,0.8362707158161703,0.2091750000254251
median__minmax__pca95,median,minmax,pca95,5,ok,,,12,8,,0.9796885055668254,0.7630753138075314,0.729050279329609,0.8285714285714286,0.7756315007429421,0.8385986222594288,0.216969600005541
median__minmax__kbest8,median,minmax,kbest8,1,ok,,,12,8,"[""koi_impact"", ""koi_duration"", ""koi_depth"", ""koi_teq"", ""koi_steff"", ""koi_slogg"", ""koi_srad"", ""koi_model_snr""]",,0.7846314688970204,0.7620452310717798,0.8201058201058201,0.7900101936799184,0.8551538108356291,0.24349909997545183
median__minmax__kbest8,median,minmax,kbest8,2,ok,,,12,8,"[""koi_impact"", ""koi_duration"", ""koi_depth"", ""koi_teq"", ""koi_steff"", ""koi_slogg"", ""koi_srad"", ""koi_model_snr""]",,0.770517511761631,0.7428023032629558,0.819047619047619,0.7790639154504277,0.8484826621190257,0.21998090000124648
median__minmax__kbest8,median,minmax,kbest8,3,ok,,,12,8,"[""koi_impact"", ""koi_duration"", ""koi_depth"", ""koi_teq"", ""koi_steff"", ""koi_slogg"", ""koi_srad"", ""koi_model_snr""]",,0.7914270778881338,0.7768762677484787,0.8105820105820106,0.7933713102019679,0.8564486859941405,0.21955859998706728
median__minmax__kbest8,median,minmax,kbest8,4,ok,,,12,8,"[""koi_duration"", ""koi_depth"", ""koi_teq"", ""koi_steff"", ""koi_slogg"", ""koi_srad"", ""koi_model_snr"", ""koi_kepmag""]",,0.7543125980135912,0.7391742195367573,0.7767195767195767,0.7574819401444789,0.8362253487253487,0.21081619994947687
median__minmax__kbest8,median,minmax,kbest8,5,ok,,,12,8,"[""koi_impact"", ""koi_duration"", ""koi_depth"", ""koi_teq"", ""koi_steff"", ""koi_slogg"", ""koi_srad"", ""koi_model_snr""]",,0.7677824267782427,0.7387988560533841,0.8201058201058201,0.7773319959879639,0.8527267554154835,0.21209990000352263
median__robust__none,median,robust,none,1,ok,,,12,12,,,0.8212232096184005,0.8018018018018018,0.8476190476190476,0.8240740740740741,0.8913020901657265,0.2171072000055574
median__robust__none,median,robust,none,2,ok,,,12,12,,,0.7882906429691584,0.766798418972332,0.8211640211640212,0.7930505876341338,0.8772475840657659,0.2250734000117518
median__robust__none,median,robust,none,3,ok,,,12,12,,,0.8128593831677993,0.8066875653082549,0.816931216931217,0.8117770767613038,0.8853305785123967,0.25499550002859905
median__robust__none,median,robust,none,4,ok,,,12,12,,,0.7956089911134344,0.7849794238683128,0.8074074074074075,0.7960354720918101,0.8795793432157069,0.3222356000333093
median__robust__none,median,robust,none,5,ok,,,12,12,,,0.8106694560669456,0.7866273352999017,0.8465608465608465,0.8154943934760448,0.8928218512499795,0.3227239999687299
median__robust__pca95,median,robust,pca95,1,ok,,,12,2,,0.9590433879811939,0.7485624673288029,0.7180451127819549,0.8084656084656084,0.7605774016923843,0.8080113909659364,0.23107670003082603
median__robust__pca95,median,robust,pca95,2,ok,,,12,3,,0.9844141163617072,0.7553580763199164,0.7406659939455096,0.7767195767195767,0.7582644628099173,0.826600419782238,0.25072329997783527
median__robust__pca95,median,robust,pca95,3,ok,,,12,2,,0.9500851321592221,0.7658128593831678,0.740096618357488,0.8105820105820106,0.7737373737373737,0.822661135161135,0.20609729998977855
median__robust__pca95,median,robust,pca95,4,ok,,,12,3,,0.9668348946520879,0.7537898588604286,0.7351190476190477,0.7841269841269841,0.7588325652841782,0.8225397918579735,0.2024010000168346
median__robust__pca95,median,robust,pca95,5,ok,,,12,3,,0.9856134879631783,0.7709205020920502,0.7473170731707317,0.8105820105820106,0.7776649746192893,0.8301652960391327,0.22174880001693964
median__robust__kbest8,median,robust,kbest8,1,ok,,,12,8,"[""koi_impact"", ""koi_duration"", ""koi_depth"", ""koi_teq"", ""koi_steff"", ""koi_slogg"", ""koi_srad"", ""koi_model_snr""]",,0.8024046001045478,0.7793103448275862,0.837037037037037,0.8071428571428572,0.878787332196423,0.258432200003881
median__robust__kbest8,median,robust,kbest8,2,ok,,,12,8,"[""koi_impact"", ""koi_duration"", ""koi_depth"", ""koi_teq"", ""koi_steff"", ""koi_slogg"", ""koi_srad"", ""koi_model_snr""]",,0.8081547307893361,0.7827788649706457,0.8465608465608465,0.813421453990849,0.8878711355984082,0.30891439999686554
median__robust__kbest8,median,robust,kbest8,3,ok,,,12,8,"[""koi_impact"", ""koi_duration"", ""koi_depth"", ""koi_teq"", ""koi_steff"", ""koi_slogg"", ""koi_srad"", ""koi_model_snr""]",,0.799790904338735,0.7920997920997921,0.8063492063492064,0.7991609858416361,0.88013850627487,0.31529779999982566
median__robust__kbest8,median,robust,kbest8,4,ok,,,12,8,"[""koi_duration"", ""koi_depth"", ""koi_teq"", ""koi_steff"", ""koi_slogg"", ""koi_srad"", ""koi_model_snr"", ""koi_kepmag""]",,0.785154208050183,0.7724489795918368,0.801058201058201,0.7864935064935065,0.8585279198915563,0.2651159999659285
median__robust__kbest8,median,robust,kbest8,5,ok,,,12,8,"[""koi_impact"", ""koi_duration"", ""koi_depth"", ""koi_teq"", ""koi_steff"", ""koi_slogg"", ""koi_srad"", ""koi_model_snr""]",,0.801255230125523,0.7766895200783546,0.8391534391534392,0.8067141403865717,0.8828149023598869,0.24621910002315417
